1,1606001,webcap
2,1606002,webcap
3,1606003,webcap
4,1606004,webcap
5,1606005,webcap
6,1606006,webcap
7,1606007,webcap
8,1606008,webcap
9,1606009,webcap
10,1606010,webcap
11,1606011,webcap
12,1606012,webcap
13,1606013,webcap
14,1606014,webcap
15,1606015,webcap
16,1606016,webcap
17,1606017,webcap
18,1606018,webcap
19,1606019,webcap
20,1606020,webcap
21,1606021,webcap
22,1606022,webcap
23,1606023,webcap
24,1606024,webcap
25,1606025,webcap
26,1606026,webcap
27,1606027,webcap
28,1606028,webcap
29,1606029,webcap
30,1606030,webcap
31,1606031,webcap
32,1606032,webcap
33,1606033,webcap
34,1606034,webcap
35,1606035,webcap
36,1606036,webcap
37,1606037,webcap
38,1606038,webcap
39,1606039,webcap
40,1606040,webcap
41,1606041,webcap
42,1606042,webcap
43,1606043,webcap
44,1606044,webcap
45,1606045,webcap
46,1606046,webcap
47,1606047,webcap
48,1606048,webcap
49,1606049,webcap
50,1606050,webcap
51,1606051,webcap
52,1606052,webcap
53,1606053,webcap
54,1606054,webcap
55,1606055,webcap
56,1606056,webcap
57,1606057,webcap
58,1606058,webcap
59,1606059,webcap
60,1606060,webcap
61,1606061,webcap
62,1606062,webcap
63,1606063,webcap
64,1606064,webcap
65,1606065,webcap
66,1606066,webcap
67,1606067,webcap
68,1606068,webcap
69,1606069,webcap
70,1606070,webcap
71,1606071,webcap
72,1606072,webcap
73,1606073,webcap
74,1606074,webcap
75,1606075,webcap
76,1606076,webcap
77,1606077,webcap
78,1606078,webcap
79,1606079,webcap
80,1606080,webcap
81,1606081,webcap
82,1606082,webcap
83,1606083,webcap
84,1606084,webcap
85,1606085,webcap
86,1606086,webcap
87,1606087,webcap
88,1606088,webcap
89,1606089,webcap
90,1606090,webcap
91,1606091,webcap
92,1606092,webcap
93,1606093,webcap
94,1606094,webcap
95,1606095,webcap
96,1606096,webcap
97,1606097,webcap
98,1606098,webcap
99,1606099,webcap
100,1606100,webcap
101,1606101,webcap
102,1606102,webcap
103,1606103,webcap
104,1606104,webcap
105,1606105,webcap
106,1606106,webcap
107,1606107,webcap
108,1606108,webcap
109,1606109,webcap
110,1606110,webcap
111,1606111,webcap
112,1606112,webcap
113,1606113,webcap
114,1606114,webcap
115,1606115,webcap
116,1606116,webcap
117,1606117,webcap
118,1606118,webcap
119,1606119,webcap
120,1606120,webcap
121,1606121,webcap
122,1606122,webcap
123,1606123,webcap
124,1606124,webcap
125,1606125,webcap
126,1606126,webcap
127,1606127,webcap
128,1606128,webcap
129,1606129,webcap
130,1606130,webcap
131,1606131,webcap
132,1606132,webcap
133,1606133,webcap
134,1606134,webcap
135,1606135,webcap
136,1606136,webcap
137,1606137,webcap
138,1606138,webcap
139,1606139,webcap
140,1606140,webcap
141,1606141,webcap
142,1606142,webcap
143,1606143,webcap
144,1606144,webcap
145,1606145,webcap
